user_id,request_idx,trace_id,timestamp,request_type,input_tokens,output_tokens_expected,output_tokens_actual,cache_hit_blocks,cache_miss_blocks,ttft,ttlt,itl,delay_expected,delay_actual,success,error_message,request_start_time,prefill_complete_time,request_complete_time,token_timestamps,tokens_per_chunk
User-001,0,trace_0712,1788387668.4556828,streaming,18851,119,119,0,294,5.4818806648254395,8.479621410369873,0.025404582589359608,0.0,0,True,,1788387659.9759395,1788387665.4578202,1788387668.455561,"[1788387665.4578202, 1788387666.104184, 1788387666.1556225, 1788387666.2011855, 1788387666.2474046, 1788387666.2928197, 1788387666.339522, 1788387666.384784, 1788387666.4309719, 1788387666.4766989, 1788387666.5226848, 1788387666.5684197, 1788387666.6151528, 1788387666.6601243, 1788387666.7057788, 1788387666.7516918, 1788387666.7970846, 1788387666.84315, 1788387666.8892107, 1788387666.9352417, 1788387666.980927, 1788387667.027097, 1788387667.0729709, 1788387667.11904, 1788387667.164769, 1788387667.2108414, 1788387667.2569103, 1788387667.3029313, 1788387667.3486698, 1788387667.3948112, 1788387667.4411082, 1788387667.486659, 1788387667.5327413, 1788387667.578299, 1788387667.6237602, 1788387667.669423, 1788387667.7156174, 1788387667.7611024, 1788387667.8074484, 1788387667.853292, 1788387667.8991783, 1788387667.945224, 1788387667.9943855, 1788387668.0375388, 1788387668.0833364, 1788387668.1294832, 1788387668.1753247, 1788387668.2213547, 1788387668.267482, 1788387668.3133605, 1788387668.3589675, 1788387668.4042165, 1788387668.4527984]","[1, 2, 4, 1, 2, 1, 2, 4, 1, 2, 2, 1, 1, 2, 3, 1, 2, 5, 4, 6, 2, 2, 1, 2, 2, 1, 2, 2, 3, 1, 1, 2, 3, 2, 2, 6, 4, 1, 2, 5, 7, 1, 1, 2, 1, 1, 2, 1, 1, 2, 4, 2, 1]"
User-003,0,trace_0714,1788387685.7235308,streaming,21916,225,225,0,342,6.055928707122803,9.976908206939697,0.017504372767039707,0.0,0,True,,1788387675.7464736,1788387681.8024023,1788387685.7233818,"[1788387681.8024023, 1788387681.823305, 1788387681.8716176, 1788387681.9201882, 1788387681.9689612, 1788387682.0174866, 1788387682.0661926, 1788387682.114886, 1788387682.1634374, 1788387682.2121933, 1788387682.2605715, 1788387682.3084085, 1788387682.3570592, 1788387682.4056668, 1788387682.4545672, 1788387682.5030944, 1788387682.551965, 1788387682.6005173, 1788387682.649163, 1788387682.6979678, 1788387682.746551, 1788387682.7951896, 1788387682.8439953, 1788387682.8927982, 1788387682.941233, 1788387682.9899144, 1788387683.0385685, 1788387683.0874987, 1788387683.135831, 1788387683.1848197, 1788387683.2332802, 1788387683.2821245, 1788387683.3330371, 1788387683.379271, 1788387683.427117, 1788387683.4757032, 1788387683.527075, 1788387683.573431, 1788387683.622165, 1788387683.6706264, 1788387683.7195678, 1788387683.768233, 1788387683.816923, 1788387683.865717, 1788387683.9146168, 1788387683.9632883, 1788387684.012142, 1788387684.0608206, 1788387684.109526, 1788387684.1582484, 1788387684.207201, 1788387684.2574072, 1788387684.3047323, 1788387684.353655, 1788387684.402119, 1788387684.4510505, 1788387684.499726, 1788387684.5485668, 1788387684.5973983, 1788387684.6462116, 1788387684.6978335, 1788387684.7437162, 1788387684.7925446, 1788387684.8412316, 1788387684.8900087, 1788387684.9388342, 1788387684.987781, 1788387685.0365367, 1788387685.085284, 1788387685.1342554, 1788387685.1829975, 1788387685.2318308, 1788387685.2806842, 1788387685.3295965, 1788387685.3784106, 1788387685.4273353, 1788387685.475943, 1788387685.5249748, 1788387685.574324, 1788387685.6227756, 1788387685.6714911, 1788387685.722264]","[1, 2, 4, 3, 1, 1, 1, 2, 1, 3, 1, 3, 2, 5, 2, 1, 2, 1, 3, 4, 3, 2, 3, 1, 5, 3, 3, 5, 3, 1, 1, 7, 4, 1, 1, 2, 1, 4, 7, 2, 2, 5, 2, 1, 2, 1, 2, 2, 6, 2, 4, 2, 2, 9, 1, 3, 3, 2, 1, 7, 5, 1, 3, 1, 3, 2, 4, 2, 2, 7, 2, 1, 1, 5, 2, 2, 2, 2, 6, 4, 3, 4]"
User-003,1,trace_0714,1788387710.8997908,streaming,30152,283,283,342,128,2.985947608947754,7.9452784061431885,0.017586279422678847,16.0,0,True,,1788387702.954391,1788387705.9403386,1788387710.8996694,"[1788387705.9403386, 1788387705.955648, 1788387706.0168138, 1788387706.0672555, 1788387706.1229305, 1788387706.1789796, 1788387706.2351067, 1788387706.2912345, 1788387706.3471704, 1788387706.403332, 1788387706.4595294, 1788387706.5154505, 1788387706.5715065, 1788387706.6277635, 1788387706.683726, 1788387706.739662, 1788387706.7958574, 1788387706.8519394, 1788387706.9077404, 1788387706.963919, 1788387707.0253196, 1788387707.0761735, 1788387707.1323287, 1788387707.1884468, 1788387707.2447772, 1788387707.3008788, 1788387707.3570108, 1788387707.4133222, 1788387707.468695, 1788387707.524333, 1788387707.5803857, 1788387707.6359768, 1788387707.6916766, 1788387707.7478845, 1788387707.8033745, 1788387707.858989, 1788387707.9152102, 1788387707.9713688, 1788387708.0276039, 1788387708.0837104, 1788387708.1397939, 1788387708.1959505, 1788387708.2523623, 1788387708.30833, 1788387708.3643878, 1788387708.4206426, 1788387708.476962, 1788387708.5331554, 1788387708.589136, 1788387708.6455746, 1788387708.7016454, 1788387708.7577746, 1788387708.8140407, 1788387708.8703263, 1788387708.9265327, 1788387708.9826899, 1788387709.03901, 1788387709.0956662, 1788387709.151396, 1788387709.2075744, 1788387709.2637947, 1788387709.3201113, 1788387709.3762822, 1788387709.4325056, 1788387709.4889264, 1788387709.545023, 1788387709.6014817, 1788387709.6577902, 1788387709.7137566, 1788387709.7700312, 1788387709.8263743, 1788387709.882574, 1788387709.93882, 1788387709.9951916, 1788387710.0517938, 1788387710.1078408, 1788387710.1638165, 1788387710.220271, 1788387710.2766035, 1788387710.332767, 1788387710.3889208, 1788387710.4453995, 1788387710.5015981, 1788387710.5578628, 1788387710.6141312, 1788387710.670419, 1788387710.729935, 1788387710.7834923, 1788387710.8394718, 1788387710.8986847]","[1, 4, 2, 3, 2, 1, 2, 2, 1, 4, 3, 7, 3, 1, 5, 2, 2, 3, 1, 5, 3, 2, 5, 6, 5, 9, 9, 3, 6, 6, 1, 2, 6, 7, 2, 2, 5, 2, 2, 3, 1, 1, 2, 1, 2, 3, 4, 9, 1, 8, 6, 2, 1, 4, 1, 1, 3, 2, 2, 2, 3, 1, 1, 2, 8, 1, 5, 3, 2, 3, 3, 1, 3, 7, 3, 1, 3, 2, 7, 1, 1, 9, 3, 4, 2, 2, 1, 2, 2, 1]"
User-004,0,trace_0629,1788387724.853758,streaming,18361,185,185,0,286,4.946197032928467,7.87824559211731,0.015935046517330666,0.0,0,True,,1788387716.9753864,1788387721.9215834,1788387724.853632,"[1788387721.9215834, 1788387721.9401393, 1788387721.9854665, 1788387722.0306711, 1788387722.0763676, 1788387722.1217644, 1788387722.1674366, 1788387722.2178113, 1788387722.2584715, 1788387722.3040135, 1788387722.3494394, 1788387722.394978, 1788387722.4404612, 1788387722.4859772, 1788387722.5315082, 1788387722.5772972, 1788387722.62207, 1788387722.666754, 1788387722.7121897, 1788387722.757754, 1788387722.8033633, 1788387722.8489335, 1788387722.8942895, 1788387722.9440773, 1788387722.9847605, 1788387723.029924, 1788387723.0751767, 1788387723.1209114, 1788387723.1663783, 1788387723.2119958, 1788387723.257898, 1788387723.3031502, 1788387723.3480577, 1788387723.3930206, 1788387723.4382927, 1788387723.483768, 1788387723.5299978, 1788387723.5749967, 1788387723.620527, 1788387723.6660144, 1788387723.7116902, 1788387723.7571616, 1788387723.8029523, 1788387723.8490112, 1788387723.8940248, 1788387723.9397244, 1788387723.985035, 1788387724.0308208, 1788387724.0764217, 1788387724.121904, 1788387724.167615, 1788387724.21316, 1788387724.258502, 1788387724.3034015, 1788387724.348792, 1788387724.3943458, 1788387724.4399617, 1788387724.4854932, 1788387724.5354614, 1788387724.5777543, 1788387724.62256, 1788387724.6682003, 1788387724.713768, 1788387724.7594852, 1788387724.8050895, 1788387724.852648]","[1, 4, 2, 3, 2, 2, 1, 1, 4, 4, 5, 3, 2, 2, 1, 1, 1, 2, 2, 2, 1, 5, 1, 4, 1, 4, 1, 9, 2, 4, 1, 3, 2, 4, 3, 1, 3, 1, 4, 2, 2, 5, 9, 4, 4, 2, 1, 4, 4, 2, 7, 1, 4, 8, 2, 1, 2, 2, 2, 1, 2, 2, 1, 1, 2, 9]"
User-004,1,trace_0629,1788387790.1424544,streaming,29164,66,66,286,169,3.7604315280914307,5.211352348327637,0.02232185877286471,142.0,0,True,,1788387784.9309669,1788387788.6913984,1788387790.1423192,"[1788387788.6913984, 1788387788.7058895, 1788387788.761082, 1788387788.8160543, 1788387788.8770983, 1788387788.9268858, 1788387788.982004, 1788387789.0367332, 1788387789.0912447, 1788387789.145758, 1788387789.2010996, 1788387789.256125, 1788387789.311237, 1788387789.3663888, 1788387789.42165, 1788387789.4770994, 1788387789.5319908, 1788387789.5872838, 1788387789.642263, 1788387789.6975257, 1788387789.7527177, 1788387789.807904, 1788387789.8629985, 1788387789.918228, 1788387789.973503, 1788387790.0288105, 1788387790.0838146, 1788387790.1413836]","[1, 2, 1, 2, 2, 2, 2, 2, 3, 1, 2, 1, 1, 1, 2, 1, 1, 4, 1, 3, 2, 3, 2, 5, 8, 4, 2, 5]"
User-005,0,trace_0568,1788387842.1137886,streaming,20311,131,131,0,317,5.5635082721710205,7.896293640136719,0.01794450283050537,0.0,0,True,,1788387834.2173157,1788387839.780824,1788387842.1136093,"[1788387839.780824, 1788387839.7969205, 1788387839.844183, 1788387839.891759, 1788387839.9383337, 1788387839.985711, 1788387840.0332448, 1788387840.0800326, 1788387840.1267009, 1788387840.173405, 1788387840.2202609, 1788387840.2676191, 1788387840.3148866, 1788387840.3620818, 1788387840.4094548, 1788387840.4567213, 1788387840.5041835, 1788387840.5512495, 1788387840.598488, 1788387840.6461105, 1788387840.6930182, 1788387840.7404885, 1788387840.7876008, 1788387840.8348858, 1788387840.882066, 1788387840.9293923, 1788387840.9767528, 1788387841.0241191, 1788387841.0717185, 1788387841.1177695, 1788387841.164388, 1788387841.2116237, 1788387841.2590473, 1788387841.3062868, 1788387841.3536968, 1788387841.4009783, 1788387841.448308, 1788387841.4958622, 1788387841.5428362, 1788387841.5900512, 1788387841.6375694, 1788387841.6848407, 1788387841.7319882, 1788387841.779472, 1788387841.8268197, 1788387841.8740973, 1788387841.921333, 1788387841.9687016, 1788387842.0160263, 1788387842.0633984, 1788387842.112573]","[1, 7, 2, 2, 2, 1, 1, 4, 4, 5, 3, 2, 1, 1, 2, 2, 2, 1, 1, 1, 1, 2, 2, 2, 2, 2, 4, 3, 2, 1, 4, 1, 3, 2, 4, 5, 1, 2, 3, 1, 3, 6, 1, 4, 5, 4, 1, 3, 7, 1, 4]"
User-006,0,trace_0396,1788387865.58167,streaming,12661,385,385,0,197,3.2664260864257812,9.410009860992432,0.01599891607960065,0.0,0,True,,1788387856.1715133,1788387859.4379394,1788387865.5815232,"[1788387859.4379394, 1788387859.4526656, 1788387859.4914594, 1788387859.531199, 1788387859.57122, 1788387859.6110337, 1788387859.6504655, 1788387859.690547, 1788387859.7308679, 1788387859.771493, 1788387859.8142896, 1788387859.8516104, 1788387859.8912098, 1788387859.9312544, 1788387859.9720442, 1788387860.0114005, 1788387860.0512896, 1788387860.0909646, 1788387860.1314867, 1788387860.171754, 1788387860.2122192, 1788387860.2528586, 1788387860.2929523, 1788387860.3334172, 1788387860.3737216, 1788387860.4141524, 1788387860.4552588, 1788387860.4943323, 1788387860.5339804, 1788387860.5740752, 1788387860.6145213, 1788387860.6550262, 1788387860.6953943, 1788387860.7358954, 1788387860.776404, 1788387860.8166645, 1788387860.8576941, 1788387860.897171, 1788387860.9366808, 1788387860.9770136, 1788387861.0173156, 1788387861.0577698, 1788387861.0975718, 1788387861.1373072, 1788387861.177842, 1788387861.2170243, 1788387861.256698, 1788387861.2969685, 1788387861.3373797, 1788387861.3778293, 1788387861.418504, 1788387861.4589033, 1788387861.4993405, 1788387861.5396998, 1788387861.5801883, 1788387861.620663, 1788387861.6611674, 1788387861.7014592, 1788387861.7419274, 1788387861.7824874, 1788387861.8230886, 1788387861.8690584, 1788387861.9039319, 1788387861.9444294, 1788387861.9851007, 1788387862.0255175, 1788387862.0661826, 1788387862.1057878, 1788387862.1455524, 1788387862.1857243, 1788387862.226191, 1788387862.2665265, 1788387862.306785, 1788387862.346434, 1788387862.3865244, 1788387862.4268622, 1788387862.467656, 1788387862.5079427, 1788387862.548633, 1788387862.588639, 1788387862.628379, 1788387862.6684027, 1788387862.708882, 1788387862.749426, 1788387862.7900333, 1788387862.830338, 1788387862.8725576, 1788387862.9113739, 1788387862.9511628, 1788387862.9915211, 1788387863.0314212, 1788387863.0719824, 1788387863.1118884, 1788387863.1517825, 1788387863.1918325, 1788387863.2323532, 1788387863.2729867, 1788387863.312897, 1788387863.3525887, 1788387863.3927798, 1788387863.4334543, 1788387863.4740245, 1788387863.514704, 1788387863.555316, 1788387863.5957494, 1788387863.6364863, 1788387863.677131, 1788387863.7175093, 1788387863.7581043, 1788387863.7986944, 1788387863.8396797, 1788387863.8799448, 1788387863.9209821, 1788387863.9607465, 1788387864.0003889, 1788387864.0405872, 1788387864.0812724, 1788387864.1214867, 1788387864.1611977, 1788387864.2014742, 1788387864.2421794, 1788387864.2827063, 1788387864.3234508, 1788387864.3643274, 1788387864.404952, 1788387864.4454226, 1788387864.4856737, 1788387864.5252316, 1788387864.5655124, 1788387864.605351, 1788387864.645338, 1788387864.685669, 1788387864.726326, 1788387864.7670035, 1788387864.8077006, 1788387864.8484697, 1788387864.8889904, 1788387864.9297638, 1788387864.9704847, 1788387865.0109668, 1788387865.0515676, 1788387865.0923123, 1788387865.1329312, 1788387865.1736164, 1788387865.2142959, 1788387865.2550545, 1788387865.2958388, 1788387865.338455, 1788387865.3757622, 1788387865.4159899, 1788387865.4568586, 1788387865.4976153, 1788387865.538224, 1788387865.58055]","[1, 2, 4, 1, 2, 1, 2, 4, 1, 4, 1, 1, 2, 3, 3, 4, 1, 3, 7, 1, 1, 2, 2, 2, 1, 2, 1, 1, 3, 1, 2, 2, 2, 3, 5, 1, 2, 2, 2, 9, 3, 3, 1, 2, 4, 1, 1, 6, 1, 1, 6, 2, 1, 1, 1, 2, 1, 1, 2, 4, 3, 2, 2, 1, 1, 4, 1, 1, 2, 3, 5, 2, 2, 1, 9, 1, 2, 3, 1, 4, 2, 1, 2, 1, 1, 2, 3, 2, 1, 2, 3, 5, 3, 7, 2, 8, 2, 2, 1, 4, 3, 2, 6, 1, 1, 9, 6, 1, 1, 1, 1, 3, 2, 2, 1, 3, 2, 6, 1, 1, 1, 3, 4, 3, 3, 2, 9, 1, 2, 3, 1, 3, 3, 3, 2, 2, 4, 3, 4, 1, 1, 2, 2, 1, 1, 1, 9, 2, 5, 1, 3, 2, 1, 2]"
User-006,1,trace_0396,1788387874.8700745,streaming,13297,201,201,197,10,0.31702637672424316,3.241560697555542,0.014622671604156494,12.0,0,True,,1788387871.6283739,1788387871.9454002,1788387874.8699346,"[1788387871.9454002, 1788387871.966646, 1788387872.0071993, 1788387872.0480075, 1788387872.0888443, 1788387872.1291194, 1788387872.169232, 1788387872.2098448, 1788387872.2506588, 1788387872.2916489, 1788387872.3326433, 1788387872.373579, 1788387872.4193163, 1788387872.4550877, 1788387872.4950302, 1788387872.5356636, 1788387872.5759912, 1788387872.616589, 1788387872.6572645, 1788387872.697872, 1788387872.7388566, 1788387872.7798438, 1788387872.820796, 1788387872.8617952, 1788387872.90279, 1788387872.9438019, 1788387872.9849255, 1788387873.0258152, 1788387873.0667498, 1788387873.10759, 1788387873.1479328, 1788387873.1884632, 1788387873.2294157, 1788387873.270338, 1788387873.31157, 1788387873.3518286, 1788387873.3920543, 1788387873.432941, 1788387873.4740055, 1788387873.5150568, 1788387873.5560079, 1788387873.5968697, 1788387873.637905, 1788387873.678993, 1788387873.71998, 1788387873.7609186, 1788387873.8019047, 1788387873.8429606, 1788387873.8841643, 1788387873.9250913, 1788387873.9662333, 1788387874.0070934, 1788387874.0481129, 1788387874.08929, 1788387874.1303327, 1788387874.1712873, 1788387874.2123559, 1788387874.2534974, 1788387874.2944522, 1788387874.3355007, 1788387874.3765233, 1788387874.4175818, 1788387874.4577925, 1788387874.4982631, 1788387874.5391057, 1788387874.58032, 1788387874.6211824, 1788387874.6623473, 1788387874.703419, 1788387874.7446618, 1788387874.785671, 1788387874.8268802, 1788387874.8689485]","[1, 2, 2, 2, 1, 2, 1, 1, 1, 1, 1, 6, 1, 3, 3, 3, 2, 3, 6, 2, 2, 2, 2, 2, 1, 7, 9, 4, 2, 2, 1, 4, 2, 1, 3, 5, 1, 2, 4, 1, 2, 1, 1, 9, 2, 1, 1, 3, 5, 2, 2, 1, 1, 6, 7, 2, 5, 7, 1, 3, 1, 3, 1, 6, 1, 4, 2, 6, 2, 5, 4, 2, 1]"
User-006,2,trace_0396,1788387886.6865523,streaming,20095,268,268,207,106,2.156546115875244,5.757520437240601,0.013486795211106205,11.0,0,True,,1788387880.928619,1788387883.085165,1788387886.6861393,"[1788387883.085165, 1788387883.104292, 1788387883.150842, 1788387883.1979454, 1788387883.2453275, 1788387883.2921476, 1788387883.3391826, 1788387883.386198, 1788387883.4332736, 1788387883.4803822, 1788387883.5273888, 1788387883.5735142, 1788387883.6206098, 1788387883.6675456, 1788387883.7147043, 1788387883.7615817, 1788387883.808679, 1788387883.8558502, 1788387883.903073, 1788387883.9499917, 1788387883.9973855, 1788387884.0441377, 1788387884.091579, 1788387884.1433456, 1788387884.1844335, 1788387884.231573, 1788387884.2783937, 1788387884.3263764, 1788387884.3724542, 1788387884.4185457, 1788387884.4656188, 1788387884.512958, 1788387884.560098, 1788387884.6071374, 1788387884.6544304, 1788387884.7015927, 1788387884.7487054, 1788387884.7957551, 1788387884.8430197, 1788387884.8903189, 1788387884.9372938, 1788387884.984442, 1788387885.0318444, 1788387885.0789788, 1788387885.1261563, 1788387885.1732702, 1788387885.2204244, 1788387885.2675781, 1788387885.3147242, 1788387885.3619921, 1788387885.4087198, 1788387885.455198, 1788387885.50251, 1788387885.54956, 1788387885.5967479, 1788387885.6439295, 1788387885.691024, 1788387885.7382517, 1788387885.7855027, 1788387885.8329208, 1788387885.8799198, 1788387885.9272115, 1788387885.974487, 1788387886.0220294, 1788387886.0690303, 1788387886.1162822, 1788387886.1685874, 1788387886.2109313, 1788387886.2580585, 1788387886.3053176, 1788387886.352538, 1788387886.3998673, 1788387886.4470835, 1788387886.494369, 1788387886.5417075, 1788387886.5888767, 1788387886.6361182, 1788387886.6852016]","[1, 6, 2, 7, 1, 4, 1, 2, 2, 6, 9, 5, 5, 3, 3, 2, 4, 1, 9, 4, 5, 2, 5, 2, 5, 8, 1, 5, 3, 2, 4, 9, 1, 1, 1, 5, 1, 1, 1, 2, 1, 1, 9, 6, 3, 1, 1, 1, 2, 1, 2, 1, 9, 4, 2, 9, 3, 3, 2, 7, 6, 4, 3, 4, 3, 4, 7, 4, 1, 1, 1, 2, 4, 3, 4, 2, 2, 4]"
User-006,3,trace_0396,1788387896.1960618,streaming,21387,226,226,313,20,0.5705547332763672,4.453858375549316,0.017259127298990887,11.0,0,True,,1788387891.7420413,1788387892.312596,1788387896.1958997,"[1788387892.312596, 1788387892.3315156, 1788387892.3795087, 1788387892.4276175, 1788387892.4760532, 1788387892.5240712, 1788387892.5721273, 1788387892.619901, 1788387892.6675746, 1788387892.7155836, 1788387892.763954, 1788387892.812045, 1788387892.8602931, 1788387892.908619, 1788387892.9568098, 1788387893.0050988, 1788387893.0533593, 1788387893.101705, 1788387893.1499658, 1788387893.1982572, 1788387893.2465756, 1788387893.29515, 1788387893.343113, 1788387893.3909292, 1788387893.4384222, 1788387893.4866579, 1788387893.5349245, 1788387893.583373, 1788387893.6315572, 1788387893.6798022, 1788387893.7280593, 1788387893.7764378, 1788387893.8247125, 1788387893.8730063, 1788387893.9213576, 1788387893.9697835, 1788387894.0179522, 1788387894.0663207, 1788387894.114716, 1788387894.162815, 1788387894.2112904, 1788387894.2594986, 1788387894.3081505, 1788387894.3561459, 1788387894.4043481, 1788387894.4528575, 1788387894.5010982, 1788387894.5493538, 1788387894.597822, 1788387894.6460538, 1788387894.6944957, 1788387894.7428436, 1788387894.7913356, 1788387894.839432, 1788387894.887776, 1788387894.9361405, 1788387894.9844792, 1788387895.0328515, 1788387895.0812056, 1788387895.1295755, 1788387895.1779256, 1788387895.2263374, 1788387895.2798135, 1788387895.3230278, 1788387895.371426, 1788387895.4197724, 1788387895.468335, 1788387895.5166533, 1788387895.564888, 1788387895.6133308, 1788387895.6611445, 1788387895.709207, 1788387895.7571244, 1788387895.8055391, 1788387895.8538952, 1788387895.9023905, 1788387895.9507723, 1788387895.9992404, 1788387896.0477157, 1788387896.0960858, 1788387896.1445127, 1788387896.1949625]","[1, 2, 5, 2, 1, 2, 3, 3, 2, 1, 5, 6, 3, 5, 2, 5, 1, 2, 2, 5, 3, 3, 6, 1, 2, 6, 4, 3, 1, 1, 1, 2, 3, 3, 3, 3, 1, 4, 1, 1, 4, 1, 6, 1, 1, 1, 5, 2, 2, 5, 4, 3, 6, 1, 1, 4, 1, 1, 2, 1, 1, 3, 3, 2, 6, 1, 4, 1, 4, 2, 1, 9, 2, 3, 2, 2, 1, 3, 5, 7, 1, 1]"
User-006,4,trace_0396,1788387908.2619395,streaming,24724,223,223,333,52,1.2716736793518066,4.004216194152832,0.012308750066671285,13.0,0,True,,1788387904.257633,1788387905.5293067,1788387908.2618492,"[1788387905.5293067, 1788387905.5421655, 1788387905.5933266, 1788387905.6444283, 1788387905.6957345, 1788387905.74702, 1788387905.798091, 1788387905.849469, 1788387905.900523, 1788387905.9517555, 1788387906.0030353, 1788387906.0544214, 1788387906.1055224, 1788387906.156689, 1788387906.208122, 1788387906.2592523, 1788387906.310517, 1788387906.361971, 1788387906.418072, 1788387906.464341, 1788387906.5154753, 1788387906.5666668, 1788387906.618013, 1788387906.6691577, 1788387906.7205415, 1788387906.7718642, 1788387906.8231065, 1788387906.8742898, 1788387906.9255083, 1788387906.9769282, 1788387907.0282738, 1788387907.0795314, 1788387907.130659, 1788387907.1820211, 1788387907.2330644, 1788387907.283628, 1788387907.3348806, 1788387907.3861904, 1788387907.4376805, 1788387907.4889116, 1788387907.5404797, 1788387907.5918095, 1788387907.642448, 1788387907.6931548, 1788387907.744467, 1788387907.7959113, 1788387907.8472393, 1788387907.8986762, 1788387907.9500825, 1788387908.001347, 1788387908.052857, 1788387908.10412, 1788387908.1556594, 1788387908.2069013, 1788387908.2608328]","[1, 2, 2, 3, 2, 2, 3, 2, 1, 3, 2, 8, 7, 2, 5, 4, 3, 2, 3, 1, 6, 2, 4, 2, 4, 9, 6, 5, 1, 4, 5, 4, 2, 7, 8, 5, 2, 2, 7, 2, 6, 9, 1, 2, 8, 1, 5, 9, 9, 4, 8, 1, 5, 2, 8]"
User-006,5,trace_0396,1788387921.0370483,streaming,27871,266,266,385,49,1.272650957107544,6.699995756149292,0.020480546411478295,11.0,0,True,,1788387914.336953,1788387915.609604,1788387921.0369487,"[1788387915.609604, 1788387915.6233914, 1788387915.6773317, 1788387915.7314036, 1788387915.785379, 1788387915.8394227, 1788387915.8938518, 1788387915.9474182, 1788387916.0017052, 1788387916.0554721, 1788387916.1094537, 1788387916.1634417, 1788387916.2174635, 1788387916.271506, 1788387916.3254733, 1788387916.3795023, 1788387916.43355, 1788387916.4879353, 1788387916.5416873, 1788387916.5956793, 1788387916.6495416, 1788387916.7036397, 1788387916.7576818, 1788387916.8117094, 1788387916.865812, 1788387916.9199939, 1788387916.9739618, 1788387917.028013, 1788387917.0820403, 1788387917.1359465, 1788387917.190357, 1788387917.2442117, 1788387917.2981641, 1788387917.352279, 1788387917.4067838, 1788387917.460525, 1788387917.5145416, 1788387917.5686388, 1788387917.6225839, 1788387917.6760108, 1788387917.7296746, 1788387917.7837377, 1788387917.8379753, 1788387917.8921185, 1788387917.9460294, 1788387918.000219, 1788387918.0543046, 1788387918.1083293, 1788387918.1624413, 1788387918.2165527, 1788387918.2707098, 1788387918.3248348, 1788387918.379005, 1788387918.4330833, 1788387918.4872255, 1788387918.541242, 1788387918.5952168, 1788387918.649429, 1788387918.7036417, 1788387918.757747, 1788387918.8118455, 1788387918.8661053, 1788387918.9205291, 1788387918.9743388, 1788387919.0284438, 1788387919.082621, 1788387919.1368709, 1788387919.1910434, 1788387919.245199, 1788387919.2992637, 1788387919.353472, 1788387919.4075418, 1788387919.461767, 1788387919.5162396, 1788387919.575388, 1788387919.6245682, 1788387919.6785462, 1788387919.732683, 1788387919.7871785, 1788387919.841102, 1788387919.8953211, 1788387919.9493532, 1788387920.0035758, 1788387920.058, 1788387920.1124527, 1788387920.1662128, 1788387920.220441, 1788387920.2745748, 1788387920.3288677, 1788387920.3830118, 1788387920.4373116, 1788387920.4921007, 1788387920.5457087, 1788387920.599836, 1788387920.6540585, 1788387920.7083902, 1788387920.7625906, 1788387920.8169348, 1788387920.8709636, 1788387920.9251475, 1788387920.9793897, 1788387921.0359159]","[1, 2, 2, 3, 2, 5, 2, 1, 3, 3, 4, 7, 3, 6, 1, 2, 1, 1, 3, 5, 2, 1, 1, 1, 1, 3, 4, 2, 1, 1, 3, 2, 2, 7, 9, 5, 3, 2, 5, 5, 1, 1, 5, 1, 2, 1, 2, 2, 2, 1, 2, 1, 7, 2, 2, 4, 2, 4, 3, 6, 3, 7, 3, 2, 3, 1, 4, 1, 2, 2, 1, 1, 1, 3, 3, 4, 3, 2, 2, 2, 2, 1, 1, 7, 1, 1, 1, 2, 2, 4, 1, 1, 1, 1, 1, 5, 4, 3, 1, 2, 1, 5]"
User-006,6,trace_0396,1788387985.6591022,streaming,29704,1797,1794,434,28,0.8200438022613525,29.543591022491455,0.016019825555064194,40.0,0,True,,1788387956.1153853,1788387956.935429,1788387985.6589763,"[1788387956.935429, 1788387956.9510226, 1788387957.006448, 1788387957.0620673, 1788387957.117727, 1788387957.1736438, 1788387957.2290611, 1788387957.2850573, 1788387957.3405318, 1788387957.396302, 1788387957.4520102, 1788387957.5076966, 1788387957.5636995, 1788387957.6191578, 1788387957.6748104, 1788387957.730472, 1788387957.7863338, 1788387957.842251, 1788387957.8978667, 1788387957.9535737, 1788387958.0093954, 1788387958.0651438, 1788387958.1207566, 1788387958.1764057, 1788387958.2321453, 1788387958.2879462, 1788387958.3435104, 1788387958.399397, 1788387958.4552898, 1788387958.5109036, 1788387958.5667865, 1788387958.622567, 1788387958.6783304, 1788387958.7339692, 1788387958.7898006, 1788387958.8457367, 1788387958.9016962, 1788387958.9573205, 1788387959.0189657, 1788387959.069036, 1788387959.1246967, 1788387959.1804311, 1788387959.236203, 1788387959.2920299, 1788387959.3481002, 1788387959.4037654, 1788387959.4595993, 1788387959.515536, 1788387959.571401, 1788387959.6284614, 1788387959.6880903, 1788387959.7389941, 1788387959.7946272, 1788387959.850533, 1788387959.9064643, 1788387959.9622061, 1788387960.0181146, 1788387960.0741212, 1788387960.1297557, 1788387960.1856654, 1788387960.2415938, 1788387960.297239, 1788387960.3530822, 1788387960.4089916, 1788387960.4646385, 1788387960.52062, 1788387960.5764327, 1788387960.632246, 1788387960.6882348, 1788387960.7439504, 1788387960.8005087, 1788387960.8558834, 1788387960.9116726, 1788387960.9676304, 1788387961.0234888, 1788387961.0793908, 1788387961.1350818, 1788387961.1909504, 1788387961.2469232, 1788387961.302853, 1788387961.3588073, 1788387961.4146678, 1788387961.4704876, 1788387961.5264642, 1788387961.5822697, 1788387961.6382022, 1788387961.6940944, 1788387961.7500708, 1788387961.8057733, 1788387961.861932, 1788387961.917616, 1788387961.9734902, 1788387962.0293682, 1788387962.0853462, 1788387962.14106, 1788387962.1970205, 1788387962.2529175, 1788387962.3087673, 1788387962.364807, 1788387962.4207566, 1788387962.4766395, 1788387962.5326476, 1788387962.588505, 1788387962.6444366, 1788387962.700378, 1788387962.7564616, 1788387962.8122811, 1788387962.8683379, 1788387962.924036, 1788387962.9801066, 1788387963.0359347, 1788387963.0919297, 1788387963.1479106, 1788387963.2041519, 1788387963.2597904, 1788387963.3157637, 1788387963.3719819, 1788387963.4276643, 1788387963.4835637, 1788387963.5395973, 1788387963.5955005, 1788387963.6517072, 1788387963.7075841, 1788387963.7636168, 1788387963.8195763, 1788387963.8755372, 1788387963.9315224, 1788387963.9876015, 1788387964.0435436, 1788387964.0997071, 1788387964.1556299, 1788387964.211595, 1788387964.2675562, 1788387964.3235447, 1788387964.3795042, 1788387964.43554, 1788387964.4915388, 1788387964.5475466, 1788387964.6034584, 1788387964.6609256, 1788387964.7150452, 1788387964.7706084, 1788387964.8265429, 1788387964.8826296, 1788387964.9386387, 1788387964.9947164, 1788387965.0509303, 1788387965.1069849, 1788387965.162917, 1788387965.2191162, 1788387965.2750442, 1788387965.3310962, 1788387965.3872175, 1788387965.4435039, 1788387965.4995272, 1788387965.5555248, 1788387965.611554, 1788387965.667577, 1788387965.7236805, 1788387965.7797303, 1788387965.8360271, 1788387965.8919911, 1788387965.9482572, 1788387966.0045965, 1788387966.0604053, 1788387966.1166043, 1788387966.172717, 1788387966.2286713, 1788387966.2850091, 1788387966.341008, 1788387966.3969994, 1788387966.4532964, 1788387966.5094204, 1788387966.5657132, 1788387966.6216793, 1788387966.6777236, 1788387966.734056, 1788387966.790163, 1788387966.8463404, 1788387966.9023345, 1788387966.958559, 1788387967.0147138, 1788387967.0709589, 1788387967.1270616, 1788387967.1832757, 1788387967.2394285, 1788387967.2955222, 1788387967.3517766, 1788387967.4078991, 1788387967.464311, 1788387967.520448, 1788387967.576518, 1788387967.6322932, 1788387967.6879601, 1788387967.7444348, 1788387967.8005664, 1788387967.856634, 1788387967.912926, 1788387967.9690552, 1788387968.0254076, 1788387968.0816474, 1788387968.138091, 1788387968.1940346, 1788387968.2503338, 1788387968.306553, 1788387968.3630288, 1788387968.4190114, 1788387968.4753423, 1788387968.5317104, 1788387968.5877812, 1788387968.6441245, 1788387968.700316, 1788387968.75676, 1788387968.8128543, 1788387968.8691723, 1788387968.9254794, 1788387968.9815948, 1788387969.0379953, 1788387969.0943432, 1788387969.1506178, 1788387969.2067974, 1788387969.2631834, 1788387969.3226583, 1788387969.3759882, 1788387969.4321315, 1788387969.4883828, 1788387969.5447161, 1788387969.6012306, 1788387969.6573305, 1788387969.713505, 1788387969.7699523, 1788387969.8261693, 1788387969.8824642, 1788387969.9390602, 1788387969.9952407, 1788387970.0514734, 1788387970.107876, 1788387970.1642003, 1788387970.220428, 1788387970.2774248, 1788387970.3331437, 1788387970.3894784, 1788387970.445877, 1788387970.5024571, 1788387970.5586407, 1788387970.6150303, 1788387970.6713166, 1788387970.727942, 1788387970.7839518, 1788387970.8403559, 1788387970.896732, 1788387970.953179, 1788387971.0094507, 1788387971.0658581, 1788387971.122219, 1788387971.1786335, 1788387971.2350407, 1788387971.291384, 1788387971.3477995, 1788387971.4042678, 1788387971.4606361, 1788387971.5170836, 1788387971.5734508, 1788387971.6299143, 1788387971.6862748, 1788387971.7426016, 1788387971.7989626, 1788387971.8555639, 1788387971.9120615, 1788387971.9681451, 1788387972.024657, 1788387972.0810165, 1788387972.1374576, 1788387972.193922, 1788387972.2503312, 1788387972.306905, 1788387972.363295, 1788387972.419762, 1788387972.4763088, 1788387972.532621, 1788387972.5891721, 1788387972.6448712, 1788387972.7010376, 1788387972.7573893, 1788387972.8139071, 1788387972.8703535, 1788387972.926874, 1788387972.983285, 1788387973.0398529, 1788387973.0963035, 1788387973.1528466, 1788387973.2092865, 1788387973.265708, 1788387973.3223054, 1788387973.3783376, 1788387973.4342823, 1788387973.4907734, 1788387973.5474641, 1788387973.6038377, 1788387973.6602974, 1788387973.7168503, 1788387973.7734334, 1788387973.8299596, 1788387973.8864565, 1788387973.94296, 1788387973.9996448, 1788387974.0560174, 1788387974.1127648, 1788387974.16912, 1788387974.2259908, 1788387974.2821765, 1788387974.3386788, 1788387974.3953016, 1788387974.4511054, 1788387974.507312, 1788387974.5639746, 1788387974.6206436, 1788387974.6770191, 1788387974.7335527, 1788387974.7900755, 1788387974.846687, 1788387974.9032116, 1788387974.9598327, 1788387975.016337, 1788387975.0728412, 1788387975.1294007, 1788387975.1861517, 1788387975.2425647, 1788387975.2991614, 1788387975.3555586, 1788387975.412328, 1788387975.4689333, 1788387975.5254662, 1788387975.58206, 1788387975.638553, 1788387975.6953096, 1788387975.7519035, 1788387975.8082108, 1788387975.864938, 1788387975.9215534, 1788387975.9781096, 1788387976.0348322, 1788387976.0913546, 1788387976.1481016, 1788387976.204729, 1788387976.2615573, 1788387976.3179681, 1788387976.3745987, 1788387976.4314065, 1788387976.4878614, 1788387976.5446088, 1788387976.6011662, 1788387976.657966, 1788387976.7144816, 1788387976.7712657, 1788387976.8279822, 1788387976.8845396, 1788387976.9412608, 1788387976.9982288, 1788387977.0547094, 1788387977.1132336, 1788387977.1681004, 1788387977.2248983, 1788387977.2816756, 1788387977.3383126, 1788387977.3951504, 1788387977.4521058, 1788387977.5084176, 1788387977.565107, 1788387977.621858, 1788387977.6784813, 1788387977.7918944, 1788387977.8485253, 1788387977.9618688, 1788387978.0186095, 1788387978.075478, 1788387978.1326234, 1788387978.1890898, 1788387978.2459223, 1788387978.3025658, 1788387978.359482, 1788387978.4163241, 1788387978.4729276, 1788387978.529686, 1788387978.5862925, 1788387978.643146, 1788387978.69984, 1788387978.7566302, 1788387978.8133762, 1788387978.870257, 1788387978.9270818, 1788387978.983972, 1788387979.041062, 1788387979.0974684, 1788387979.1542413, 1788387979.2110105, 1788387979.2691188, 1788387979.3249125, 1788387979.3815215, 1788387979.4383142, 1788387979.495178, 1788387979.552036, 1788387979.6089013, 1788387979.6657896, 1788387979.7225704, 1788387979.7794654, 1788387979.836273, 1788387979.8932006, 1788387979.949972, 1788387980.006939, 1788387980.0637672, 1788387980.1206825, 1788387980.1775477, 1788387980.2344549, 1788387980.2912476, 1788387980.348282, 1788387980.405151, 1788387980.4620736, 1788387980.5187948, 1788387980.575024, 1788387980.6318731, 1788387980.6888144, 1788387980.7458086, 1788387980.8026743, 1788387980.8596022, 1788387980.9166558, 1788387980.9735613, 1788387981.0304723, 1788387981.087386, 1788387981.144379, 1788387981.2012851, 1788387981.2582674, 1788387981.3153791, 1788387981.3721395, 1788387981.429221, 1788387981.486158, 1788387981.5431643, 1788387981.6000953, 1788387981.6572266, 1788387981.714258, 1788387981.7712455, 1788387981.8281796, 1788387981.8851433, 1788387981.9422102, 1788387981.9993162, 1788387982.0563347, 1788387982.1132386, 1788387982.1703546, 1788387982.2273347, 1788387982.2843344, 1788387982.3414364, 1788387982.3983357, 1788387982.4554632, 1788387982.512535, 1788387982.56956, 1788387982.6266036, 1788387982.68363, 1788387982.74068, 1788387982.7977319, 1788387982.8547597, 1788387982.9117866, 1788387982.9690921, 1788387983.0261626, 1788387983.083067, 1788387983.1401775, 1788387983.197243, 1788387983.2544122, 1788387983.3174367, 1788387983.3684828, 1788387983.425685, 1788387983.4861941, 1788387983.539833, 1788387983.5962646, 1788387983.6531806, 1788387983.7101586, 1788387983.7675717, 1788387983.8245273, 1788387983.881657, 1788387983.93879, 1788387983.995877, 1788387984.0531003, 1788387984.1103559, 1788387984.167464, 1788387984.2246587, 1788387984.2817245, 1788387984.339036, 1788387984.396045, 1788387984.4533408, 1788387984.5105789, 1788387984.5676706, 1788387984.6248512, 1788387984.6822162, 1788387984.7393677, 1788387984.7965305, 1788387984.8538578, 1788387984.9110243, 1788387984.968199, 1788387985.0254052, 1788387985.0828424, 1788387985.1418505, 1788387985.1973097, 1788387985.254504, 1788387985.3117647, 1788387985.3691857, 1788387985.4264846, 1788387985.4837234, 1788387985.5410986, 1788387985.598255, 1788387985.6581347]","[1, 2, 2, 6, 1, 9, 2, 9, 2, 2, 5, 9, 7, 2, 3, 3, 2, 9, 1, 1, 4, 6, 2, 3, 2, 2, 2, 3, 2, 2, 5, 8, 1, 2, 2, 2, 2, 3, 4, 3, 4, 1, 2, 3, 5, 2, 4, 5, 1, 4, 2, 4, 2, 2, 7, 2, 2, 2, 3, 1, 4, 2, 1, 5, 4, 1, 1, 1, 4, 1, 6, 9, 3, 1, 1, 1, 1, 1, 2, 1, 3, 3, 3, 4, 3, 1, 2, 1, 1, 2, 2, 6, 1, 4, 1, 3, 3, 4, 8, 5, 2, 6, 5, 2, 3, 1, 3, 3, 1, 4, 1, 3, 3, 9, 2, 2, 2, 1, 2, 1, 1, 9, 3, 2, 1, 1, 2, 2, 2, 6, 3, 2, 3, 1, 9, 1, 2, 1, 2, 6, 1, 5, 2, 7, 2, 1, 6, 6, 3, 3, 1, 1, 6, 3, 6, 6, 1, 1, 2, 3, 1, 5, 5, 4, 2, 2, 1, 1, 9, 6, 4, 5, 4, 4, 1, 2, 9, 8, 5, 1, 6, 1, 7, 1, 2, 4, 3, 6, 1, 5, 3, 1, 2, 1, 2, 5, 4, 5, 1, 6, 3, 2, 5, 9, 4, 5, 2, 4, 3, 2, 1, 2, 2, 2, 3, 8, 3, 1, 3, 1, 3, 7, 2, 3, 2, 3, 7, 2, 2, 1, 3, 3, 1, 8, 3, 3, 1, 3, 1, 7, 1, 2, 1, 4, 3, 1, 1, 9, 2, 1, 1, 4, 3, 1, 1, 1, 2, 2, 2, 3, 6, 4, 5, 8, 4, 3, 2, 2, 3, 2, 1, 2, 1, 2, 2, 3, 9, 5, 3, 1, 5, 6, 3, 1, 4, 9, 2, 3, 3, 6, 3, 3, 2, 4, 1, 2, 2, 4, 1, 4, 5, 4, 1, 3, 1, 5, 1, 7, 1, 2, 1, 1, 1, 4, 3, 1, 8, 1, 1, 1, 3, 1, 3, 1, 2, 2, 1, 1, 4, 2, 1, 1, 2, 5, 1, 8, 7, 1, 8, 2, 2, 7, 2, 4, 9, 7, 4, 2, 2, 2, 1, 3, 9, 1, 4, 9, 4, 2, 9, 5, 3, 1, 2, 1, 7, 1, 1, 4, 3, 2, 1, 1, 1, 1, 2, 7, 9, 9, 9, 4, 9, 9, 3, 9, 6, 1, 4, 2, 1, 2, 1, 1, 1, 3, 2, 4, 2, 5, 2, 5, 4, 3, 9, 9, 6, 9, 3, 5, 2, 3, 3, 9, 4, 5, 2, 8, 7, 2, 7, 3, 4, 6, 5, 1, 5, 7, 4, 5, 3, 2, 1, 1, 2, 2, 9, 4, 3, 4, 5, 6, 5, 1, 3, 5, 2, 8, 5, 9, 5, 4, 4, 3, 6, 3, 6, 8, 2, 2, 1, 2, 1, 1, 9, 3, 3, 5, 8, 5, 4, 9, 5, 6, 9, 9, 1, 5, 7, 3, 3, 4, 4, 3, 6, 6, 1, 3, 3, 6, 5, 4, 2, 4, 9, 6, 9, 4, 5, 2, 9, 8, 7, 6, 4, 6, 9, 5, 2, 9, 1]"
User-006,7,trace_0396,1788387996.3177757,streaming,31572,104,104,462,29,0.8442585468292236,2.582683801651001,0.016877915095357063,46.0,0,True,,1788387993.7349937,1788387994.5792522,1788387996.3176775,"[1788387994.5792522, 1788387994.5943775, 1788387994.6514752, 1788387994.7087963, 1788387994.766341, 1788387994.8236983, 1788387994.8807936, 1788387994.9380906, 1788387994.9953923, 1788387995.0527506, 1788387995.1101213, 1788387995.1673422, 1788387995.2247446, 1788387995.2821527, 1788387995.3392463, 1788387995.3967144, 1788387995.4587939, 1788387995.5116243, 1788387995.5685153, 1788387995.6258922, 1788387995.6833878, 1788387995.7406595, 1788387995.7979865, 1788387995.8554063, 1788387995.9126408, 1788387995.9701025, 1788387996.0275402, 1788387996.084855, 1788387996.1422033, 1788387996.1996174, 1788387996.2568827, 1788387996.316881]","[1, 3, 3, 2, 3, 2, 1, 1, 3, 3, 2, 1, 2, 1, 3, 5, 4, 8, 6, 4, 9, 4, 2, 5, 3, 8, 3, 2, 2, 6, 1, 1]"
User-006,8,trace_0396,1788388060.5069363,streaming,31776,232,232,491,3,0.29603052139282227,4.11310076713562,0.01652411361793419,83.0,0,True,,1788388056.3937461,1788388056.6897767,1788388060.506847,"[1788388056.6897767, 1788388056.7049017, 1788388056.7626843, 1788388056.820307, 1788388056.8772085, 1788388056.9346204, 1788388056.992317, 1788388057.0497234, 1788388057.1072915, 1788388057.1648884, 1788388057.2223902, 1788388057.2797036, 1788388057.337297, 1788388057.3948982, 1788388057.452589, 1788388057.5100594, 1788388057.5676908, 1788388057.6249936, 1788388057.6817467, 1788388057.7393334, 1788388057.7967777, 1788388057.854484, 1788388057.9120667, 1788388057.9694908, 1788388058.0271933, 1788388058.084723, 1788388058.1423278, 1788388058.1999276, 1788388058.257392, 1788388058.3149612, 1788388058.372153, 1788388058.4290614, 1788388058.486669, 1788388058.5443916, 1788388058.6022737, 1788388058.65992, 1788388058.7173526, 1788388058.774896, 1788388058.832374, 1788388058.8899128, 1788388058.9475634, 1788388059.0046792, 1788388059.0619192, 1788388059.1194777, 1788388059.1771216, 1788388059.2348485, 1788388059.2923098, 1788388059.3499923, 1788388059.4076047, 1788388059.4653018, 1788388059.5230243, 1788388059.580653, 1788388059.6384416, 1788388059.696121, 1788388059.7536726, 1788388059.8111963, 1788388059.8689864, 1788388059.9266264, 1788388059.9843452, 1788388060.0420601, 1788388060.0997021, 1788388060.1573687, 1788388060.224128, 1788388060.2729652, 1788388060.330598, 1788388060.3879733, 1788388060.4458213, 1788388060.5061064]","[1, 7, 9, 6, 6, 2, 8, 2, 3, 5, 2, 2, 2, 7, 8, 1, 4, 2, 8, 4, 2, 2, 4, 1, 2, 2, 4, 7, 9, 1, 5, 6, 1, 6, 4, 3, 3, 1, 1, 2, 1, 3, 1, 1, 9, 7, 2, 2, 1, 1, 2, 4, 2, 1, 1, 2, 2, 3, 2, 9, 4, 1, 2, 1, 8, 2, 2, 1]"
User-006,9,trace_0396,1788388067.5751014,streaming,32151,166,166,493,7,0.37116456031799316,2.9946064949035645,0.015899648088397403,9.0,0,True,,1788388064.5803423,1788388064.9515069,1788388067.5749488,"[1788388064.9515069, 1788388064.9655435, 1788388065.0233593, 1788388065.0812147, 1788388065.139202, 1788388065.197163, 1788388065.2550352, 1788388065.3127024, 1788388065.3705375, 1788388065.4289773, 1788388065.4865487, 1788388065.5443535, 1788388065.6021705, 1788388065.6600556, 1788388065.7178605, 1788388065.7758696, 1788388065.8337634, 1788388065.8915987, 1788388065.9494658, 1788388066.007418, 1788388066.0655942, 1788388066.1232538, 1788388066.181101, 1788388066.2391043, 1788388066.2969387, 1788388066.3549423, 1788388066.4128482, 1788388066.470674, 1788388066.528691, 1788388066.5865588, 1788388066.6443958, 1788388066.7022939, 1788388066.7603345, 1788388066.8183243, 1788388066.8761063, 1788388066.9341443, 1788388066.992089, 1788388067.0500433, 1788388067.1079183, 1788388067.1658711, 1788388067.2240765, 1788388067.2818975, 1788388067.3400698, 1788388067.397917, 1788388067.4562092, 1788388067.5136862, 1788388067.574198]","[1, 2, 2, 4, 8, 9, 8, 1, 1, 9, 4, 1, 1, 3, 1, 2, 1, 5, 1, 7, 2, 1, 4, 5, 1, 5, 2, 3, 1, 3, 3, 1, 1, 4, 1, 5, 7, 1, 4, 1, 9, 9, 1, 9, 9, 2, 1]"
User-007,0,trace_0398,1788388082.894034,streaming,13070,443,440,0,203,3.3641207218170166,10.265273809432983,0.015720166486596736,0.0,0,True,,1788388072.6287055,1788388075.9928262,1788388082.8939793,"[1788388075.9928262, 1788388076.0143874, 1788388076.0548303, 1788388076.0959036, 1788388076.1367059, 1788388076.177218, 1788388076.2174199, 1788388076.257287, 1788388076.2974584, 1788388076.3382576, 1788388076.3788507, 1788388076.419563, 1788388076.4603026, 1788388076.5010197, 1788388076.541763, 1788388076.5826087, 1788388076.6294584, 1788388076.6638203, 1788388076.7032826, 1788388076.7438836, 1788388076.7844872, 1788388076.8250568, 1788388076.8657362, 1788388076.9066076, 1788388076.947363, 1788388076.9880028, 1788388077.0288117, 1788388077.0694544, 1788388077.1102204, 1788388077.1510262, 1788388077.1917067, 1788388077.2325993, 1788388077.2732775, 1788388077.313458, 1788388077.353337, 1788388077.3935418, 1788388077.4345126, 1788388077.4744618, 1788388077.5143719, 1788388077.5548344, 1788388077.5949304, 1788388077.6349206, 1788388077.6753292, 1788388077.7163033, 1788388077.7569623, 1788388077.7977128, 1788388077.8386722, 1788388077.8793287, 1788388077.9200854, 1788388077.9609609, 1788388078.0017874, 1788388078.0424929, 1788388078.0836153, 1788388078.124271, 1788388078.164997, 1788388078.2058768, 1788388078.246177, 1788388078.2861335, 1788388078.3267174, 1788388078.3668265, 1788388078.406858, 1788388078.4472356, 1788388078.4875054, 1788388078.5276134, 1788388078.5679836, 1788388078.6082914, 1788388078.6480818, 1788388078.6885936, 1788388078.729441, 1788388078.7703354, 1788388078.8111014, 1788388078.8516247, 1788388078.8913908, 1788388078.9318984, 1788388078.972763, 1788388079.0136442, 1788388079.0546124, 1788388079.0955212, 1788388079.136305, 1788388079.1773708, 1788388079.2174804, 1788388079.2577064, 1788388079.2982593, 1788388079.3392282, 1788388079.3800619, 1788388079.4209268, 1788388079.4619179, 1788388079.5029547, 1788388079.5431328, 1788388079.5832958, 1788388079.623787, 1788388079.6648264, 1788388079.7055688, 1788388079.7464507, 1788388079.7872605, 1788388079.8282523, 1788388079.869097, 1788388079.9100406, 1788388079.9509928, 1788388079.9919116, 1788388080.0327668, 1788388080.0736907, 1788388080.1146648, 1788388080.155706, 1788388080.1964734, 1788388080.2370749, 1788388080.2771828, 1788388080.3177536, 1788388080.3585825, 1788388080.399613, 1788388080.4407132, 1788388080.4808927, 1788388080.520927, 1788388080.5616112, 1788388080.6025424, 1788388080.6435914, 1788388080.684728, 1788388080.7249663, 1788388080.7651515, 1788388080.8058004, 1788388080.8463051, 1788388080.8865037, 1788388080.927072, 1788388080.968116, 1788388081.008803, 1788388081.049831, 1788388081.090959, 1788388081.1318924, 1788388081.172901, 1788388081.2138708, 1788388081.2959743, 1788388081.3369517, 1788388081.4190338, 1788388081.4598992, 1788388081.500963, 1788388081.5419729, 1788388081.5830193, 1788388081.6238506, 1788388081.6649277, 1788388081.7059052, 1788388081.7469985, 1788388081.7879758, 1788388081.8289933, 1788388081.8699553, 1788388081.9110377, 1788388081.9521153, 1788388081.993009, 1788388082.0341554, 1788388082.0751197, 1788388082.1161582, 1788388082.1571302, 1788388082.1982784, 1788388082.2387855, 1788388082.2791996, 1788388082.319799, 1788388082.360634, 1788388082.4017797, 1788388082.4430015, 1788388082.4893773, 1788388082.5250556, 1788388082.5664651, 1788388082.606782, 1788388082.6471496, 1788388082.6876955, 1788388082.7281892, 1788388082.768755, 1788388082.8094554, 1788388082.8504748, 1788388082.8929968]","[1, 1, 5, 2, 1, 1, 1, 2, 3, 2, 2, 2, 4, 2, 1, 3, 2, 1, 1, 2, 3, 1, 1, 3, 1, 1, 2, 1, 4, 3, 5, 1, 4, 1, 4, 3, 4, 7, 1, 3, 1, 3, 1, 6, 1, 1, 2, 1, 1, 2, 1, 1, 3, 2, 2, 1, 2, 1, 1, 4, 3, 2, 2, 2, 7, 1, 1, 3, 3, 5, 2, 7, 1, 3, 2, 3, 1, 3, 2, 3, 1, 5, 2, 3, 2, 2, 3, 1, 1, 2, 2, 9, 3, 3, 1, 1, 1, 4, 2, 2, 2, 1, 3, 3, 1, 9, 2, 5, 2, 3, 3, 7, 1, 1, 2, 1, 3, 1, 1, 1, 1, 1, 5, 4, 2, 5, 6, 2, 2, 1, 1, 1, 1, 1, 3, 3, 1, 3, 6, 1, 2, 2, 4, 3, 3, 4, 2, 1, 2, 1, 1, 3, 1, 3, 1, 4, 3, 6, 9, 3, 9, 6, 5, 7, 4, 5, 5, 3, 1]"
User-007,1,trace_0398,1788388088.8878062,streaming,13739,115,115,203,11,0.32439255714416504,1.9512732028961182,0.014270882857473273,45.0,0,True,,1788388086.93646,1788388087.2608526,1788388088.8877332,"[1788388087.2608526, 1788388087.2806473, 1788388087.321021, 1788388087.3626223, 1788388087.4040866, 1788388087.4452674, 1788388087.485861, 1788388087.5264397, 1788388087.5675783, 1788388087.6081665, 1788388087.6486466, 1788388087.6896477, 1788388087.730059, 1788388087.7707696, 1788388087.811608, 1788388087.8530421, 1788388087.89421, 1788388087.935715, 1788388087.976962, 1788388088.018411, 1788388088.0607004, 1788388088.101057, 1788388088.142544, 1788388088.1838887, 1788388088.2250924, 1788388088.266386, 1788388088.308411, 1788388088.3489273, 1788388088.3892872, 1788388088.4301665, 1788388088.471635, 1788388088.5130136, 1788388088.5547986, 1788388088.59571, 1788388088.6371799, 1788388088.6785147, 1788388088.7204735, 1788388088.7612681, 1788388088.8028276, 1788388088.8441231, 1788388088.8869445]","[1, 4, 3, 5, 2, 1, 1, 2, 1, 6, 4, 1, 2, 7, 2, 9, 1, 4, 2, 3, 1, 3, 4, 8, 1, 1, 2, 1, 3, 7, 1, 1, 5, 1, 3, 4, 3, 1, 2, 1, 1]"
User-007,2,trace_0398,1788388096.0241735,streaming,13999,202,202,214,4,0.21524477005004883,3.0979931354522705,0.01434203166866777,7.0,0,True,,1788388092.9260893,1788388093.141334,1788388096.0240824,"[1788388093.141334, 1788388093.162157, 1788388093.2028253, 1788388093.2444932, 1788388093.2860649, 1788388093.3277571, 1788388093.368261, 1788388093.408961, 1788388093.4503376, 1788388093.4914753, 1788388093.5321333, 1788388093.5732431, 1788388093.6176953, 1788388093.656523, 1788388093.698285, 1788388093.739003, 1788388093.7799675, 1788388093.8211784, 1788388093.8645358, 1788388093.904901, 1788388093.9460497, 1788388093.9875846, 1788388094.0289974, 1788388094.0708022, 1788388094.1122892, 1788388094.153922, 1788388094.1956265, 1788388094.2365785, 1788388094.2775002, 1788388094.3187804, 1788388094.3603072, 1788388094.4019814, 1788388094.4437099, 1788388094.4854357, 1788388094.527108, 1788388094.568712, 1788388094.6097126, 1788388094.6507738, 1788388094.6920667, 1788388094.7332435, 1788388094.7741764, 1788388094.819847, 1788388094.8573883, 1788388094.898766, 1788388094.9405055, 1788388094.9821918, 1788388095.0238364, 1788388095.0656128, 1788388095.1071742, 1788388095.148854, 1788388095.190499, 1788388095.231912, 1788388095.272499, 1788388095.3140323, 1788388095.3557847, 1788388095.397409, 1788388095.439279, 1788388095.4808154, 1788388095.522504, 1788388095.564373, 1788388095.6061788, 1788388095.6473525, 1788388095.68808, 1788388095.7294157, 1788388095.7711463, 1788388095.812901, 1788388095.8545773, 1788388095.896281, 1788388095.9381745, 1788388095.9798522, 1788388096.0231862]","[1, 4, 1, 9, 1, 3, 3, 2, 1, 6, 3, 4, 2, 2, 4, 2, 4, 8, 4, 2, 3, 4, 3, 7, 1, 3, 1, 2, 9, 1, 1, 3, 5, 5, 3, 1, 1, 3, 2, 4, 1, 1, 8, 1, 1, 1, 1, 6, 3, 2, 2, 3, 1, 1, 5, 3, 2, 3, 1, 6, 1, 2, 1, 3, 4, 3, 3, 1, 1, 1, 2]"
User-007,3,trace_0398,1788388101.782746,streaming,14307,127,127,218,4,0.2286224365234375,1.703545093536377,0.011705735373118567,7.0,0,True,,1788388100.0791216,1788388100.307744,1788388101.7826667,"[1788388100.307744, 1788388100.3237104, 1788388100.3652196, 1788388100.407265, 1788388100.4490497, 1788388100.490234, 1788388100.5313785, 1788388100.573094, 1788388100.6146266, 1788388100.65666, 1788388100.7038114, 1788388100.7398016, 1788388100.780729, 1788388100.822415, 1788388100.864461, 1788388100.9062855, 1788388100.9476202, 1788388100.9886668, 1788388101.0303211, 1788388101.0721502, 1788388101.1140144, 1788388101.156301, 1788388101.1982934, 1788388101.2391937, 1788388101.2801886, 1788388101.3221788, 1788388101.364079, 1788388101.4060225, 1788388101.4477992, 1788388101.4897392, 1788388101.5319395, 1788388101.5738986, 1788388101.6149902, 1788388101.6561778, 1788388101.6978407, 1788388101.7394335, 1788388101.7818003]","[1, 7, 1, 9, 4, 1, 1, 3, 1, 3, 3, 3, 4, 2, 3, 1, 7, 2, 7, 6, 2, 5, 2, 2, 1, 2, 5, 9, 3, 2, 6, 2, 5, 7, 1, 2, 2]"
User-007,4,trace_0398,1788388107.5296626,streaming,14497,109,109,222,3,0.21085572242736816,1.7043328285217285,0.013828491723095929,44.0,0,True,,1788388105.825269,1788388106.0361247,1788388107.5296018,"[1788388106.0361247, 1788388106.055301, 1788388106.0975192, 1788388106.1395254, 1788388106.1815882, 1788388106.223711, 1788388106.2654917, 1788388106.3075984, 1788388106.3495624, 1788388106.3916037, 1788388106.4337986, 1788388106.475841, 1788388106.517801, 1788388106.5598328, 1788388106.6017754, 1788388106.64395, 1788388106.685929, 1788388106.7280712, 1788388106.775107, 1788388106.8124108, 1788388106.8539531, 1788388106.8960881, 1788388106.938182, 1788388106.9802585, 1788388107.0223553, 1788388107.0643017, 1788388107.106413, 1788388107.148698, 1788388107.1905482, 1788388107.232672, 1788388107.2747657, 1788388107.316711, 1788388107.3589633, 1788388107.4009361, 1788388107.4431498, 1788388107.4854448, 1788388107.5288308]","[1, 5, 5, 3, 1, 1, 5, 4, 1, 1, 1, 1, 4, 2, 1, 5, 3, 6, 4, 1, 1, 1, 4, 7, 5, 2, 3, 5, 1, 2, 3, 4, 2, 2, 2, 7, 3]"
User-007,5,trace_0398,1788388113.7357552,streaming,14947,171,171,225,7,0.27689599990844727,2.156363010406494,0.011055688297047334,7.0,0,True,,1788388111.5793304,1788388111.8562264,1788388113.7356935,"[1788388111.8562264, 1788388111.8730683, 1788388111.9155998, 1788388111.9579453, 1788388112.0006862, 1788388112.0429723, 1788388112.085284, 1788388112.1278627, 1788388112.1701438, 1788388112.2125547, 1788388112.254455, 1788388112.2962708, 1788388112.3384337, 1788388112.3803065, 1788388112.421959, 1788388112.464281, 1788388112.5060785, 1788388112.547648, 1788388112.5901833, 1788388112.6317644, 1788388112.673434, 1788388112.7156138, 1788388112.7585304, 1788388112.8006465, 1788388112.8484666, 1788388112.8856852, 1788388112.9281085, 1788388112.970536, 1788388113.013042, 1788388113.0556486, 1788388113.0980403, 1788388113.1406481, 1788388113.1871037, 1788388113.2262566, 1788388113.2678664, 1788388113.3094146, 1788388113.351813, 1788388113.393607, 1788388113.4353464, 1788388113.4778621, 1788388113.520389, 1788388113.562952, 1788388113.605585, 1788388113.6483738, 1788388113.6905684, 1788388113.7348857]","[1, 3, 3, 2, 3, 2, 1, 2, 2, 1, 3, 7, 4, 3, 7, 2, 4, 2, 9, 3, 1, 1, 3, 9, 8, 6, 1, 1, 3, 5, 4, 9, 1, 4, 4, 2, 7, 2, 2, 5, 9, 5, 4, 6, 2, 3]"
User-007,6,trace_0398,1788388123.3394675,streaming,15329,327,327,232,5,0.26580238342285156,2.550382375717163,0.007007914086792366,12.0,0,True,,1788388120.7890272,1788388121.0548296,1788388123.3394096,"[1788388121.0548296, 1788388121.0742936, 1788388121.1169388, 1788388121.1599748, 1788388121.2027826, 1788388121.245334, 1788388121.2871203, 1788388121.329443, 1788388121.3721735, 1788388121.4149659, 1788388121.457697, 1788388121.5006297, 1788388121.5434012, 1788388121.5861485, 1788388121.6284919, 1788388121.6704519, 1788388121.7133887, 1788388121.7553627, 1788388121.7974663, 1788388121.8400278, 1788388121.8828595, 1788388121.9257052, 1788388121.9686239, 1788388122.0113115, 1788388122.0541968, 1788388122.0971172, 1788388122.1398568, 1788388122.1830888, 1788388122.2258651, 1788388122.268082, 1788388122.310107, 1788388122.3530784, 1788388122.395784, 1788388122.4386423, 1788388122.4815454, 1788388122.524491, 1788388122.5674436, 1788388122.6098495, 1788388122.6522233, 1788388122.6948562, 1788388122.737766, 1788388122.7807217, 1788388122.823753, 1788388122.8665142, 1788388122.908913, 1788388122.9511237, 1788388122.993881, 1788388123.0369272, 1788388123.08002, 1788388123.122905, 1788388123.1660256, 1788388123.2090673, 1788388123.2515192, 1788388123.2938287, 1788388123.3386571]","[1, 6, 4, 1, 2, 2, 3, 1, 4, 4, 2, 4, 8, 2, 9, 9, 9, 7, 2, 5, 3, 3, 9, 1, 3, 4, 2, 2, 9, 9, 6, 9, 9, 9, 9, 4, 2, 1, 9, 8, 9, 9, 9, 9, 9, 9, 6, 8, 9, 9, 9, 9, 9, 9, 9]"
User-007,7,trace_0398,1788388132.5880513,streaming,15878,249,249,237,9,0.29898595809936523,4.204183101654053,0.01574676267562374,12.0,0,True,,1788388128.3837664,1788388128.6827524,1788388132.5879495,"[1788388128.6827524, 1788388128.7015674, 1788388128.7443593, 1788388128.7872148, 1788388128.8300018, 1788388128.8731554, 1788388128.9164484, 1788388128.959423, 1788388129.0019257, 1788388129.04954, 1788388129.0896769, 1788388129.1336222, 1788388129.1742945, 1788388129.21744, 1788388129.2606933, 1788388129.3041017, 1788388129.3473988, 1788388129.3901157, 1788388129.432846, 1788388129.4756746, 1788388129.5190837, 1788388129.5623186, 1788388129.6056602, 1788388129.64822, 1788388129.6909823, 1788388129.734048, 1788388129.777306, 1788388129.8206418, 1788388129.8637955, 1788388129.9073126, 1788388129.950608, 1788388129.9939263, 1788388130.0371816, 1788388130.080759, 1788388130.1240578, 1788388130.1673553, 1788388130.2111146, 1788388130.253398, 1788388130.296157, 1788388130.3392117, 1788388130.3825338, 1788388130.4258833, 1788388130.4691386, 1788388130.5118604, 1788388130.5544217, 1788388130.5974336, 1788388130.6401265, 1788388130.6828477, 1788388130.7257814, 1788388130.7691858, 1788388130.812619, 1788388130.8559256, 1788388130.899253, 1788388130.942689, 1788388130.986041, 1788388131.0294654, 1788388131.0774548, 1788388131.115509, 1788388131.158041, 1788388131.2011328, 1788388131.2446797, 1788388131.287971, 1788388131.3313303, 1788388131.374691, 1788388131.418232, 1788388131.4608476, 1788388131.503562, 1788388131.546597, 1788388131.5895796, 1788388131.6320004, 1788388131.675281, 1788388131.7188125, 1788388131.7621043, 1788388131.8055599, 1788388131.851924, 1788388131.8918884, 1788388131.9346302, 1788388131.9777274, 1788388132.0211432, 1788388132.0646758, 1788388132.1080878, 1788388132.151539, 1788388132.1949332, 1788388132.2385933, 1788388132.281909, 1788388132.3254218, 1788388132.3688467, 1788388132.4124842, 1788388132.4558764, 1788388132.4991171, 1788388132.5426548, 1788388132.587232]","[1, 1, 2, 5, 2, 2, 1, 3, 1, 1, 3, 4, 4, 2, 1, 1, 1, 5, 2, 1, 4, 6, 1, 1, 3, 1, 1, 3, 1, 5, 4, 1, 2, 4, 9, 3, 1, 1, 4, 9, 3, 4, 2, 1, 1, 2, 1, 1, 1, 3, 7, 3, 1, 2, 3, 1, 1, 2, 1, 3, 9, 2, 4, 1, 5, 2, 1, 2, 2, 2, 3, 6, 1, 1, 1, 2, 3, 2, 5, 8, 6, 4, 1, 2, 3, 2, 1, 9, 2, 2, 2, 3]"
User-007,8,trace_0398,1788388141.344744,streaming,25031,125,125,246,143,3.025737762451172,4.692311525344849,0.013440110991078039,8.0,0,True,,1788388136.6523356,1788388139.6780734,1788388141.3446472,"[1788388139.6780734, 1788388139.693361, 1788388139.744253, 1788388139.7953608, 1788388139.8470607, 1788388139.8984866, 1788388139.9499593, 1788388140.0014014, 1788388140.0529888, 1788388140.1043932, 1788388140.155912, 1788388140.2085686, 1788388140.258947, 1788388140.3106096, 1788388140.3618646, 1788388140.4135258, 1788388140.4650068, 1788388140.5166893, 1788388140.568369, 1788388140.619742, 1788388140.6713154, 1788388140.722942, 1788388140.7744093, 1788388140.8259382, 1788388140.8774536, 1788388140.9291534, 1788388140.9806635, 1788388141.0322726, 1788388141.0838087, 1788388141.1355822, 1788388141.1871672, 1788388141.2385943, 1788388141.2902513, 1788388141.3439212]","[1, 5, 5, 1, 1, 2, 5, 4, 1, 1, 3, 2, 5, 6, 4, 5, 4, 2, 9, 5, 1, 6, 7, 2, 1, 5, 5, 2, 3, 7, 9, 1, 1, 4]"
User-007,9,trace_0398,1788388153.7447839,streaming,29583,257,257,389,71,1.74332594871521,6.3239686489105225,0.01789313554763794,10.0,0,True,,1788388147.4207234,1788388149.1640494,1788388153.744692,"[1788388149.1640494, 1788388149.1790302, 1788388149.2345905, 1788388149.290035, 1788388149.3457067, 1788388149.4011998, 1788388149.45679, 1788388149.5124893, 1788388149.5678954, 1788388149.6235714, 1788388149.679194, 1788388149.7348168, 1788388149.7901666, 1788388149.8457706, 1788388149.901328, 1788388149.9570398, 1788388150.0125911, 1788388150.068237, 1788388150.1237054, 1788388150.178901, 1788388150.2338405, 1788388150.2897165, 1788388150.3452241, 1788388150.4008722, 1788388150.4564278, 1788388150.5124972, 1788388150.5699668, 1788388150.623272, 1788388150.678908, 1788388150.73452, 1788388150.790382, 1788388150.845839, 1788388150.9014077, 1788388150.9570775, 1788388151.0127926, 1788388151.0683937, 1788388151.1240773, 1788388151.179781, 1788388151.235478, 1788388151.2911057, 1788388151.3467114, 1788388151.4024444, 1788388151.458053, 1788388151.5138237, 1788388151.569396, 1788388151.6250322, 1788388151.680731, 1788388151.7364864, 1788388151.7921348, 1788388151.8477185, 1788388151.9033456, 1788388151.9591804, 1788388152.0147583, 1788388152.0704355, 1788388152.1261268, 1788388152.1818244, 1788388152.2376173, 1788388152.293325, 1788388152.3489292, 1788388152.4045758, 1788388152.4603114, 1788388152.5160375, 1788388152.5717256, 1788388152.6274405, 1788388152.688314, 1788388152.7393568, 1788388152.794694, 1788388152.850302, 1788388152.9059522, 1788388152.9617014, 1788388153.01749, 1788388153.0731332, 1788388153.1287978, 1788388153.1847453, 1788388153.2404768, 1788388153.2961192, 1788388153.354199, 1788388153.4072144, 1788388153.4624221, 1788388153.5183747, 1788388153.5740128, 1788388153.6298018, 1788388153.6856117, 1788388153.7439446]","[1, 2, 4, 1, 2, 2, 3, 2, 3, 7, 7, 2, 2, 8, 1, 4, 5, 6, 2, 5, 3, 2, 9, 8, 3, 6, 2, 8, 1, 1, 3, 1, 2, 2, 2, 3, 3, 3, 1, 3, 1, 3, 1, 5, 3, 3, 5, 3, 1, 1, 2, 4, 1, 2, 2, 1, 3, 1, 1, 1, 1, 1, 1, 1, 2, 4, 4, 2, 1, 1, 8, 1, 1, 9, 9, 6, 5, 2, 2, 4, 1, 3, 3, 6]"
User-007,10,trace_0398,1788388162.9114466,streaming,30071,262,262,460,7,0.37960314750671387,4.098371744155884,0.014248155542717127,11.0,0,True,,1788388158.8129792,1788388159.1925824,1788388162.911351,"[1788388159.1925824, 1788388159.204999, 1788388159.2603872, 1788388159.3160725, 1788388159.372263, 1788388159.4282439, 1788388159.4842935, 1788388159.5403767, 1788388159.5962636, 1788388159.652289, 1788388159.7083867, 1788388159.7643523, 1788388159.8204205, 1788388159.8763876, 1788388159.932556, 1788388159.9885216, 1788388160.044595, 1788388160.1006513, 1788388160.156706, 1788388160.212765, 1788388160.2688046, 1788388160.3250012, 1788388160.3809242, 1788388160.4394188, 1788388160.4931164, 1788388160.5492835, 1788388160.6055486, 1788388160.6614304, 1788388160.7175684, 1788388160.7737405, 1788388160.829794, 1788388160.8860037, 1788388160.9421225, 1788388160.9981704, 1788388161.0543728, 1788388161.1105742, 1788388161.1665473, 1788388161.2227876, 1788388161.2788754, 1788388161.335164, 1788388161.3917494, 1788388161.4483676, 1788388161.503624, 1788388161.5597508, 1788388161.6160922, 1788388161.6720676, 1788388161.7283218, 1788388161.7844481, 1788388161.8405814, 1788388161.896746, 1788388161.9529839, 1788388162.0092542, 1788388162.065347, 1788388162.121548, 1788388162.1776168, 1788388162.2339814, 1788388162.2901273, 1788388162.346297, 1788388162.402381, 1788388162.4648006, 1788388162.5149527, 1788388162.571077, 1788388162.627301, 1788388162.6835554, 1788388162.7396626, 1788388162.7958972, 1788388162.852178, 1788388162.9106119]","[1, 3, 5, 3, 5, 4, 3, 8, 2, 5, 4, 2, 5, 2, 9, 2, 3, 6, 1, 9, 4, 6, 3, 1, 7, 3, 9, 1, 4, 4, 2, 9, 2, 5, 9, 5, 4, 6, 2, 3, 3, 2, 1, 4, 4, 1, 6, 3, 1, 2, 2, 2, 2, 1, 7, 7, 5, 1, 2, 3, 9, 5, 1, 4, 2, 3, 4, 4]"
User-007,11,trace_0398,1788388227.6231897,streaming,30802,219,219,467,11,0.4799787998199463,4.639766216278076,0.01908159365347766,108.0,0,True,,1788388222.983299,1788388223.4632778,1788388227.6230652,"[1788388223.4632778, 1788388223.4797502, 1788388223.536105, 1788388223.5926843, 1788388223.649588, 1788388223.706082, 1788388223.7629368, 1788388223.8193884, 1788388223.875955, 1788388223.932782, 1788388223.9892995, 1788388224.0459225, 1788388224.1026435, 1788388224.1593034, 1788388224.2202542, 1788388224.2726285, 1788388224.3291056, 1788388224.3858519, 1788388224.4425676, 1788388224.4993892, 1788388224.5558786, 1788388224.6126277, 1788388224.6695178, 1788388224.7260125, 1788388224.7826123, 1788388224.8394568, 1788388224.8961084, 1788388224.9527998, 1788388225.0095322, 1788388225.0662065, 1788388225.1230066, 1788388225.1797183, 1788388225.2364488, 1788388225.292884, 1788388225.3495462, 1788388225.4063137, 1788388225.4687722, 1788388225.520112, 1788388225.5767486, 1788388225.6333055, 1788388225.6899629, 1788388225.746789, 1788388225.8033724, 1788388225.8601859, 1788388225.9170146, 1788388225.9736586, 1788388226.0303304, 1788388226.0868552, 1788388226.1437585, 1788388226.2005281, 1788388226.2572832, 1788388226.313876, 1788388226.3710356, 1788388226.4274776, 1788388226.4844167, 1788388226.540994, 1788388226.5979548, 1788388226.6547499, 1788388226.7115052, 1788388226.768339, 1788388226.825002, 1788388226.88181, 1788388226.93861, 1788388226.9952881, 1788388227.0520964, 1788388227.1089714, 1788388227.1656752, 1788388227.2225118, 1788388227.2795403, 1788388227.3362455, 1788388227.3930771, 1788388227.4493163, 1788388227.5056267, 1788388227.5623636, 1788388227.622124]","[1, 5, 1, 1, 1, 2, 8, 2, 1, 4, 1, 1, 2, 1, 6, 1, 2, 5, 8, 9, 4, 7, 2, 4, 5, 1, 2, 1, 3, 1, 3, 7, 1, 2, 1, 1, 2, 1, 2, 7, 1, 1, 1, 1, 5, 3, 3, 1, 9, 9, 1, 1, 4, 1, 9, 3, 3, 3, 4, 2, 1, 2, 5, 1, 4, 2, 1, 4, 1, 1, 3, 1, 3, 4, 2]"
